,titles,publishers,authors,years
0,Sociological odyssey : contemporary readings in introductory sociology,"3rd ed Belmont, CA : Wadsworth/Cengage Learning c2010","[edited by] Patricia A. Adler, Peter Adler",2010
1,Essentials of sociology,4th ed New York : W. W. Norton & Company c2013,Anthony Giddens ... [et al.],2013
2,"Seeing ourselves : classic, contemporary, and cross-cultural readings in sociology","6th ed Upper Saddle River, N.J. : Pearson/Prentice-Hall c2004","edited by John J. Macionis, Nijole V. Benokraitis",2004
3,Readings for sociology,Eighth edition New York : W. W. Norton & Company 2015,edited by Garth Massey,2015
4,Invitation to sociology : a humanistic perspective,"1st Anchor Books ed Garden City, N.Y. : Anchor Books 1963","Peter L. Berger, Peter Ludwig Berger",1963
5,Sociology : exploring the architecture of everyday life > readings,7th ed Los Angeles : Pine Forge Press c2008,"[edited by] David M. Newman, Jodi O'Brien",2008
6,Sociology : exploring the architecture of everyday life readings,Tenth edition Los Angeles : SAGE 2015,"editor, David M. Newman, Jodi O'Brien, Michelle Robertson",2015
7,Sociological footprints : introductory readings in sociology,"Belmont, CA : Wadsworth/Cengage Learning c2010","[compiled by] Leonard Cargan, Jeanne H. Ballantine",2010
8,Readings for sociology,7th ed New York : W.W. Norton & Co. c2012,edited by Garth Massey,2012
9,The sociology of Georg Simmel,"Glencoe, Ill. : Free Press 1964","translated, edited, and with an introd., by Kurt H. Wolff",1964
10,基礎社會學 = Sociology basics,修訂版 台北市 : 群學出版有限公司 2009,"編著片桐新自, 永井良和, 山本雄二 ; 合著片桐新自 ... [et al.] ; 合譯蘇碩斌, 鄭陸霖",2009
11,The study of social problems : seven perspectives,7th ed Oxford ; New York : Oxford University Press 2011,"edited by Earl Rubington, Martin S. Weinberg",2011
12,The micro-macro link,Berkeley : University of California Press c1987,edited by Jeffrey C. Alexander ... [et al.],1987
13,The sociological imagination,New York : Oxford University Press 1959,,1959
14,On individuality and social forms; selected writings,Chicago : University of Chicago Press 1971,Georg Simmel ; edited and with an introduction by Donald N. Levine,1971
15,Contemporary social problems : an introduction to the sociology of deviant behavior and social disorganization,"New York : Harcourt, & Burlingame 1961",edited by R.K. Merton and Robert A. Nisbet,1961
16,Investigating the social world : the process and practice of research,"8 edition Thousand Oaks, California : SAGE Publications, Inc. 2015","Russell K. Schutt, University of Massachusetts Boston",2015
17,Learning from strangers : the art and method of qualitative interview studies,New York : Free Press ; Toronto : Maxwell Macmillan Canada ; New York : Maxwell Macmillan International c1994,Robert S. Weiss,1994
18,Contentious politics,"Boulder, Colo. : Paradigm Publishers 2007",Charles Tilly and Sidney Tarrow,2007
19,Medical sociology,"12th ed Upper Saddle River, NJ : Pearson Prentice Hall c2012",William C. Cockerham,2012
20,Class and stratification,"3rd ed Cambridge, UK ; Malden, MA : Polity Press 2008",Rosemary Crompton,2008
21,Class counts : comparative studies in class analysis,Cambridge ; New York : Cambridge University Press ; Paris : Maison des sciences de l'homme 1997,Erik Olin Wright,1997
22,"Damned lies and statistics : untangling numbers from the media, politicians, and activists","Updated ed Berkeley, Calif. ; London : University of California Press c2012",Joel Best,2012
23,Social structures,"Princeton, N.J. : Princeton University Press c2009",John Levi Martin,2009
24,Paul Tillich's radical social thought,Atlanta : John Knox Press c1980,Ronald H. Stone,1980
25,Representation,2nd ed London : Sage : The Open University 2013,"edited by Stuart Hall, Jessie Evans and Sean Nixon",2013
26,Approaches to class analysis,"Cambridge, UK ; New York : Cambridge University Press 2005",edited by Erik Olin Wright,2005
27,Civil society,"2nd ed Cambridge, UK ; Malden, MA : Polity Press 2009",Michael Edwards,2009
28,The Student's companion to sociology,Oxford : Blackwell Publishers 1997,"British editors: Jon Gubbay, Chris Middleton ; American editor: Chet Ballard",1997
29,Biblical studies alternatively : an introductory reader,"Upper Saddle River, N.J. : Prentice Hall c2003",[compiled by] Susanne Scholz,2003
30,Thinking about social problems : an introduction to constructionist perspectives,2nd ed New York : Aldine de Gruyter c2003,Donileen R. Loseke,2003
31,World-systems analysis : an introduction,Durham : Duke University Press 2004,Immanuel Wallerstein,2004
32,"Knowledge, education, and cultural change; papers in the sociology of education","{London : Tavistock distributed in the USA by Harper & Row Publishers, Barnes & Noble Import Division 1973",Edited by Richard Brown,1973
33,The social construction of reality : a treatise in the sociology of knowledge,"Harmondsworth : Penguin 1971, c1966",by Peter L. Berger and Thomas Luckmann,1966
34,The social construction of reality : a treatise in the sociology of knowledge,"Garden City, N.Y. : Doubleday 1967",[by] Peter L. Berger and Thomas Luckmann,1967
35,Community and society,New York : Harper & Row c1957,Ferdinand Tönnies,1957
36,Religion in Chinese society : a study of contemporary social functions of religion and some of their historical factors,Berkeley : University of California Press 1970,by C.K. Yang,1970
37,Power : a radical view,Macmillan : : London ; New York : Macmillan 1974,Steven Lukes,1974
38,The social teaching of the Christian churches,London : George Allen & Unwin ; New York : The Macmillan Company 1931,by Ernst Troeltsch ; translated by Olive Wyon ; with an introductory note by Charles Gore,1931
39,The true believer : thoughts on the nature of mass movements,New York : Harper & Row 1966,Eric Hoffer,1966
40,Asia's cultural mosaic : an anthropological introduction,New York : Prentice Hall 1993,"Grant Evans, editor",1993
41,Culture : critical concepts in sociology,London ; New York : Routledge 2003,edited by Chris Jenks,2003
42,The essential Weber : a reader,London ; New York : Routledge 2004,edited by Sam Whimster,2004
43,Theology of culture,New York : Oxford University Press 1959,Paul Tillich ; edited by Robert C. Kimball,1959
44,表征 : 文化表象与意指实踐,第1版 北京 : 商务印书馆 2003,"斯图尔特・霍尔编 ; 徐亮, 陆兴华译",2003
45,Hong Kong divided? : structures of social inequality in the twenty-first century,"Hong Kong : Hong Kong Institute of Asia-Pacific Studies, Chinese University of Hong Kong 2011","edited by Stephen Wing-Kai Chiu, Siu-lun Wong",2011
46,From sociology to cultural studies : new perspectives,"Malden, Mass. : Blackwell Publishers 1997",edited by Elizabeth Long,1997
47,文化研究智典,台北縣永和市 : 韋伯文化國際出版有限公司 2007,作者Chris Barker ; 譯者許夢芸,2007
48,Culture and society : contemporary debates,Cambridge ; New York : Cambridge University Press 1990,"edited by Jeffrey C. Alexander, Steven Seidman",1990
49,Consumer culture and modernity,"Cambridge, UK : Polity Press ; Cambridge, MA : Blackwell Publishers 1997",Don Slater,1997
50,文化硏究 : 理論與實踐,二版 臺北市 : 五南圖書出版公司 2010,Chris Barker著 ; 羅世宏主譯,2010
51,Reinstating class : a structural and developmental study of Hong Kong society,"Hong Kong : Social Sciences Research Centre, University of Hong Kong 1992","Thomas W.P. Wong, Tai-lok Lui",1992
52,The New institutionalism in organizational analysis,Chicago : University of Chicago Press 1991,edited by Walter W. Powell and Paul J. DiMaggio,1991
53,"Writing for social scientists : how to start and finish your thesis, book, or article",2nd ed Chicago : University of Chicago Press 2007,Howard S. Becker ; with a chapter by Pamela Richards,2007
54,Leadership without easy answers,"Cambridge, Mass. : Belknap Press of Harvard University Press 1994",Ronald A. Heifetz,1994
55,Writings in social philosophy and ethics = Sozialphilosophische und ethische Schriften,Berlin ; New York : De Gruyter ; Berlin : Evangelisches Verlagswerk 1998,Paul Tillich ; edited by Erdmann Sturm,1998
56,Understanding deviance : a guide to the sociology of crime and rule-breaking,6th ed Oxford ; New York : Oxford Univ Press 2011,"David Downes, Paul Rock",2011
57,巨变 : 当代政治与经济的起源,第1版 北京 : 社会科学文献出版社 2013,卡尔・波兰尼著 ; 黄树民译,2013
58,The great transformation : the political and economic origins of our time,"2nd Beacon Paperback ed Boston, MA : Beacon Press 2001",Karl Polanyi ; foreword by Joseph E. Stiglitz ; introduction by Fred Block,2001
59,當神話開始思考 : 網路社會的文化論,初版 臺北市 : 大鴻藝術 2012,福嶋亮大著 ; 蘇文淑譯,2012
60,Political expectation,[1st ed.] New York : Harper & Row 1971,,1971
61,艱難的轉型 : 現代化與中國社會,香港 : 中文大學出版社 2016,"陳健民, 鍾華編",2016
62,"Social stratification : class, race, and gender in sociological perspective","2nd ed Boulder, Colo. : Westview Press 2001",edited by David B. Grusky,2001
63,The Routledge international handbook of the sociology of education,London ; New York : Routledge 2010,"edited by Michael W. Apple, Stephen J. Ball and Luis Armando Gandin",2010
64,Structuring politics : historical institutionalism in comparative analysis,Cambridge ; New York : Cambridge University Press 1992,"edited by Sven Steinmo, Kathleen Thelen and Frank Longstreth",1992
65,Introduction to critical theory : Horkheimer to Habermas,Cambridge : Polity Press 1990,David Held,1990
66,信仰的完滿 : 神學的公共意義,初版 香港 : 道風書社 2013,"米歇爾・海姆斯, 肯尼思・海姆斯著 ; 李智譯 = Fullness of faith : the public significance of theology / Michael J. Himes, Kenneth R. Himes, OFM",2013
67,"市場, 階級與政治 : 變遷中的華人社會",香港 : 香港中文大學香港亞太硏究所 2000,劉兆佳 ... [等]編,2000
68,Power and ideology in education,New York : Oxford University Press 1977,edited and with an introduction by Jerome Karabel and A.H. Halsey,1977
69,Modern political analysis,"6th ed Upper Saddle River, NJ : Prentice Hall c2003","Robert A. Dahl, Bruce Stinebrickner",2003
70,Modern political analysis,"4th ed Englewood Cliffs, N.J. : Prentice-Hall c1984",Robert A. Dahl,1984
71,"Medicine, rationality, and experience : an anthropological perspective",Cambridge ; New York : Cambridge University Press 1994,Byron J. Good,1994
72,"Dimensions of Japanese society : gender, margins and mainstream","Basingstoke, Hampshire : Macmillan ; New York : St. Martin's Press 1999",Kenneth G. Henshall,1999
73,Cultural theory and popular culture : an introduction,Seventh edition London : Routledge/Taylor & Francis Group 2015,John Storey,2015
74,Global Olympics : historical and sociological studies of the modern games,1st ed Oxford : Elsevier JAI 2005,"edited by Kevin Young, Kevin B. Wamsley",2005
75,"Baptized in the fire of revolution : the American social gospel and the YMCA in China, 1919-1937","Bethlehem : Lehigh University Press ; London ; Cranbury, NJ : Associated University Presses c1996",Jun Xing,1996
76,Cultural studies : theory and practice,5th edition Los Angeles : SAGE 2016,"Chris Barker, Emma A. Jane",2016
77,文化研究簡史,初版 台北市 : 巨流圖書股份有限公司 2009,約翰・哈特利(John Hartley)著 ; 王君琦譯,2009
78,Cultural studies : a critical introduction,London ; New York : Routledge 2005,Simon During,2005
79,How to do media and cultural studies,"2nd ed Los Angeles, Calif. : SAGE 2013",Jane Stokes,2013
80,The city and the grassroots : a cross-cultural theory of urban social movements,Berkeley : University of California Press c1983,Manuel Castells,1983
81,Spaces of social exclusion,London ; New York : Routledge 2006,Jamie Gough and Aram Eisenschitz with Andrew McCulloch,2006
82,"The law of peoples ; with, The idea of public reason revisited","Cambridge, Mass. : Harvard University Press 1999",John Rawls,1999
83,"The Frankfurt School : its history, theories, and political significance",Cambridge : Polity Press 1994,Rolf Wiggershaus ; translated by Michael Robertson,1994
84,The Constant flux : a study of class mobility in industrial societies,Oxford : Clarendon Press ; New York : Oxford University Press 1992,Robert Erikson and John H. Goldthorpe,1992
85,Social work : theory and practice for a changing profession,"Cambridge, UK ; Malden, MA : Polity Press 2004",Lena Dominelli,2004
86,Expulsions : brutality and complexity in the global economy,"Cambridge, Massachusetts : The Belknap Press of Harvard University Press 2014",Saskia Sassen,2014
87,公共神學與政治經濟 : 現代社會中的基督徒管家職分,初版 香港 : 道風書社 2016,"斯塔克豪思著 ; 李錦程, 方永譯",2016
88,Culture and critique : an introduction to the critical discourses of cultural studies,"Boulder, Colo. : Westview Press 1998",Jere Paul Surber,1998
89,The culture of the new capitalism,New Haven : Yale University Press ©2006,Richard Sennett,2006
90,Keywords : a vocabulary of culture and society,"Rev. ed New York : Oxford University Press 1985, c1983",Raymond Williams,1983
91,Adult manga : culture and power in contemporary Japanese society,Honolulu : University of Hawaii Press c2000,Sharon Kinsella,2000
92,Culture and global change,London : Routledge 1999,Tracey Skelton and Tim Allen,1999
93,"Education, globalization, and social change",Oxford ; New York : Oxford University Press 2006,edited by Hugh Lauder ... [et al.],2006
94,Modernity and self-identity : self and society in the late modern age,Cambridge : Polity Press 1991,Anthony Giddens,1991
95,The retreat of the state : the diffusion of power in the world economy,Cambridge : Cambridge University Press 1996,Susan Strange,1996
96,"Splintering urbanism : networked infrastructures, technological mobilities and the urban condition",London ; New York : Routledge 2001,Stephen Graham and Simon Marvin,2001
97,Theoretical criminology,5th ed New York : Oxford University Press 2002,"by the late George B. Vold, Thomas J. Bernard, and Jeffrey B. Snipes",2002
98,Out of site : a social criticism of architecture,Seattle : Bay Press 1991,edited by Diane Ghirardo,1991
99,道德的人與不道德的社會,第1版 贵阳市 : 贵州人民出版社 1998,莱茵霍尔德・尼布尔著 ; 蒋庆 ... [等]译 ; 陈维政校,1998
100,Race after the Internet,New York : Routledge 2012,edited by Lisa Nakamura and Peter A. Chow-White,2012
101,A community of character : toward a constructive Christian social ethic,"Notre Dame, Ind. : University of Notre Dame Press c1981",Stanley Hauerwas,1981
102,Youth cultures in China,"Malden, MA : Polity 2017",Jeroen de Kloet and Anthony Y.H. Fung,2017
103,Education policy and social class : the selected works of Stephen J. Ball,London ; New York : Routledge 2006,Stephen J. Ball,2006
104,Deviance and medicalization : from badness to sickness : with a new afterword by the authors,Expanded ed Philadelphia : Temple University Press c1992,"Peter Conrad, Joseph W. Schneider ; foreword by Joseph R. Gusfield",1992
105,Critical resistance : from poststructuralism to post-critique,"Cambridge, Mass. : MIT Press c2004",David Couzens Hoy,2004
106,Urban world/global city,"2nd ed London ; New York, NY : Routledge 2003",David Clark,2003
107,Schools and society : a sociological approach to education,3rd ed Los Angeles : Pine Forge Press c2008,"[edited by] Jeanne H. Ballantine, Joan Z. Spade",2008
108,Justice and the politics of difference,"Princeton, N.J. : Princeton University Press c1990",Iris Marion Young,1990
109,Global problems and the culture of capitalism,Sixth Edition Boston : Pearson 2014,"Richard H. Robbins, State University of New York at Plattsburgh",2014
110,Global problems and the culture of capitalism,5th ed Boston : Prentice Hall c2011,Richard H. Robbins,2011
111,Sociology and the school : an interactionist viewpoint,London : Routledge & K. Paul 1983,Peter Woods,1983
112,Toward a Christian political ethics,London : SCM Press c1983,Jose Miguez Bonino,1983
113,文化研究關鍵詞,初版 臺北市 : 麥田出版 2013,汪民安主編,2013
114,Sociolinguistics : a resource book for students,2nd ed London ; New York : Routledge 2007,Peter Stockwell,2007
115,An introduction to sociolinguistics,"Fifth edition Milton Park, Abingdon, Oxon : Routledge 2017",Janet Holmes and Nick Wilson,2017
116,The Cultural studies reader,London ; New York : Routledge 1993,edited by Simon During,1993
117,"Language, society and culture in Hong Kong",Hong Kong : Open University of Hong Kong Press 2015,Eden Sum-hung Li,2015
118,The Routledge companion to sociolinguistics,London ; New York : Routledge 2007,"edited by Carmen Llamas, Louise Mullany and Peter Stockwell",2007
119,Critical discourse analysis : the critical study of language,2nd ed Harlow : Longman 2010,Norman Fairclough,2010
120,Sociolinguistics : method and interpretation,"Malden, MA : Blackwell Pub. 2003",Lesley Milroy and Matthew Gordon,2003
121,From village to city : social transformation in a Chinese county seat,"Oakland, California : University of California Press 2016",Andrew B. Kipnis,2016
122,Sociolinguistics : a reader and coursebook,Basingstoke : Palgrave Macmillan 1997,edited by Nikolas Coupland and Adam Jaworski,1997
123,Sociolinguistics : the essential readings,"Malden, MA : Blackwell Pub. 2003",edited by Christina Bratt Paulston and G. Richard Tucker,2003
124,Ethics and community,"Tunbridge Wells, Kent : Burns & Oates 1988",Enrique Dussel ; translated from the Spanish by Robert R. Barr,1988
125,Qualitative methods in sociolinguistics,New York : Oxford University Press 2000,Barbara Johnstone,2000
126,社会语言学槪论,第1版 上海 : 上海译文出版社 2002,"眞田信治 ... [等]著 ; 王素梅, 彭囯跃译",2002
127,"The iconography of landscape : essays on the symbolic representation, design and use of past environments",Cambridge : Cambridge University Press 1988,edited by Denis Cosgrove and Stephen Daniels,1988
128,Anywhere,New York : Rizzoli 1992,"[editor, Cynthia C. Davidson]",1992
129,The new institutionalism in education,Albany : State University of New York Press c2006,"edited by Heinz-Dieter Meyer, Brian Rowan",2006
130,Escape from freedom,1st Owl book ed New York : H. Holt 1994,Erich H. Fromm,1994
131,"Education : culture, economy, and society",Oxford ; New York : Oxford University Press 1997,edited by A.H. Halsey ... [et al.],1997
132,The sane society,"New York : Holt, Rinehart and Winston 1955",E. Fromm,1955
133,What's worth fighting for in your school? : working together for improvement,Buckingham : Open University Press 1992,Michael Fullan and Andy Hargreaves,1992
134,Globalizing cities : a new spatial order?,"Oxford ; Malden, Mass. : Blackwell 2000",edited by Peter Marcuse and Ronald van Kempen,2000
135,Education and social change in China : inequality in a market economy,"Armonk, NY : M.E. Sharpe 2006","Gerard A. Postiglione, editor ; forword by Stanely Rosen, Gerard A. Postiglione, editor ; foreword by Stanley Rosen",2006
136,"Unsettling cities : movement, settlement",London ; New York : Routledge 1999,"edited by John Allen, Doreen Massey and Michael Pryke",1999
137,Classical sociological theory,"3rd ed Chichester, West Sussex, ; Malden, MA : John Wiley & Sons 2012",edited by Craig Calhoun ... [et al.],2012
138,The social production of urban space,2nd ed Austin : University of Texas Press 1994,by M. Gottdiener,1994
139,The culture of education,"Cambridge, Mass. : Harvard University Press 1996",Jerome Bruner,1996
140,State sovereignty as social construct,Cambridge ; New York : Cambridge University Press 1996,edited by Thomas J. Biersteker and Cynthia Weber,1996
141,Occupy,London ; New York : Penguin 2012,Noam Chomsky,2012
142,"Triumph of the city : how our greatest invention makes us richer, smarter, greener, healthier, and happier",New York : Penguin Press 2011,Edward L. Glaeser,2011
143,The interweaving of rituals : funerals in the cultural exchange between China and Europe,Seattle : University of Washington Press c2008,Nicolas Standaert,2008
144,Order without law : how neighbors settle disputes,"Cambridge, Mass. : Harvard University Press 1991",Robert C. Ellickson,1991
145,Teachers' workplace : the social organization of schools,New York : Longman c1989,Susan J. Rosenholtz,1989
146,Reimagining social movements : from collectives to individuals,"Farnham, Surrey, UK : Ashgate Publishing Limited 2014","edited by Antimo L. Farro, Henri Lustiger-Thaler",2014
147,Class stratification : a comparative perspective,New York : Harvester Wheatsheaf 1995,"Richard Breen, David B. Rottman",1995
148,Urban geography,"Third edition Hoboken, NJ : Wiley 2014","David H. Kaplan, Steven R. Holloway, James O. Wheeler",2014
149,Foundations of social theory,"Cambridge, Mass. : Belknap Press of Harvard University Press 1990",James S. Coleman,1990
150,The practice of everyday life,Berkeley : University of California Press c1984,by Michel de Certeau ; translated by Steven F. Rendall,1984
151,Modern sociological theory,5th ed Boston : McGraw Hill c2000,George Ritzer,2000
152,Stratification : social division and inequality,London ; New York : Routledge 2005,Wendy Bottero,2005
153,Cities in space : city as place,"Savage, Md. : Barnes & Noble c1990",David T. Herbert and Colin J. Thomas,1990
154,The girl at the baggage claim : explaining the East-West culture gap,First edition New York : Alfred A. Knopf 2017,Gish Jen,2017
155,现实是过去的未来 [videorecording] = Disorder,"New York, NY : DGenerate Films distributor c2009",文达出品 ; 导演黄伟凯,2009
156,Century Tower : Foster Associates build in Japan,"Chiddingfold, Surrey : Watermark 1992","Colin Davies, Ian Lambot ; with contributions by Arata Isozaki ... [et al.]",1992
157,Identity and ethics in the book of Ruth : a social identity approach,Berlin ; New York : De Gruyter c2011,Peter H.W. Lau,2011
158,The social movements reader : cases and concepts,"Third edition Chichester, West Sussex, UK ; Malden, MA : Wiley Blackwell 2015",edited by Jeff Goodwin and James M. Jasper,2015
159,Understanding health and social care : an introductory reader,2nd ed Los Angeles : Sage ; Milton Keynes : Open University 2008,edited by Julia Johnson and Corrine De Souza,2008
160,The practice of social research,"Fourteenth edition Boston, MA : Cengage Learning 2016","Earl Babbie, Chapman University",2016
161,Social research methods,Oxford ; New York : Oxford University Press c2012,Alan Bryman,2012
162,Social research methods,International Edition Oxford : Oxford University Press 2016,Alan Bryman,2016
163,The sociology of religion,[Paperback ed.] Boston : Beacon Press 1964,Translated by Ephraim Fischoff. Introd. by Talcott Parsons,1964
164,The sacred canopy : elements of a sociological theory of religion,"[1st ed.] Garden City, N.Y. : Doubleday 1967",by Peter L. Berger,1967
165,Acts of faith : explaining the human side of religion,Berkeley : University of California Press c2000,Rodney Stark and Roger Finke,2000
166,Religion in sociological perspective,Sixth edition Los Angeles : SAGE 2016,"Keith A. Roberts, Hanover College, David Yamane, Wake Forest University",2016
167,The SAGE handbook of the sociology of religion,London : SAGE 2007,edited by James A. Beckford and N. J. Demerath III,2007
168,The sociology of religion : a substantive and transdisciplinary approach,Los Angeles : Pine Forge Press c2008,George Lundskow,2008
169,Public religions in the modern world,Chicago : University of Chicago Press c1994,José Casanova,1994
170,Invitation to the sociology of religion,New York ; London : Routledge 2003,Phil Zuckerman,2003
171,The Blackwell companion to sociology of religion,"Oxford, UK ; Malden, MA : Blackwell Publishers 2001",edited by Richard K. Fenn,2001
172,The Sociology of religion,"Aldershot, UK : E. Elgar c1995",edited by Steve Bruce,1995
173,Planning and social science : a humanistic approach,"Lanham, Md. : University Press of America c2004",Gerald A. Gutenschwager,2004
174,Start something that matters,1st ed New York : Spiegel & Grau 2011,Blake Mycoskie,2011
175,The art and science of social research,"First Edition New York : W. W. Norton & Company, Inc. 2018","Deborah Carr, Boston University , Elizabeth Heger Boyle, University of Minnesota, Benjamin Cornwell, Cornell University, Shelley Correll, Stanford University, Robert Crosnoe, University of Texas at Austin, Jeremy Freese, Stanford University, Mary C. Waters, Harvard University",2018
176,Constructing social research : the unity and diversity of method,2nd ed Los Angeles : SAGE Publications c2011,"Charles C. Ragin, Lisa M. Amoroso",2011
177,The SAGE handbook of qualitative research,"3rd ed Thousand Oaks, Calif. : Sage Publications c2005","edited by Norman K. Denzin, Yvonna S. Lincoln",2005
178,The urban sociology reader,"Abingdon, Oxon ; New York, NY : Routledge 2013",edited by Jan Lin and Christopher Mele,2013
179,Inclusions and exclusions in European societies,London ; New York : Routledge 2001,edited by Alison Woodward and Martin Kohli,2001
180,Social psychology of modern Japan,London ; New York : Kegan Paul International 1992,Munesuke Mita ; translated by Stephen Suloway,1992
181,What is social-scientific criticism?,Minneapolis : Fortress Press c1993,"by John H. Elliott ; [Dan O. Via, Jr., editor]",1993
182,集落の教え100,第1版 東京 : 彰国社 1998,原広司,1998
183,The sociology of globalization,"Cambridge ; Malden, MA : Polity 2010",Luke Martell,2010
184,政治秩序與多元的社會結構,初版 香港 : 道風書社 2013,"斯克倫, 麥卡錫編著 ; 方永譯 = Political order and the plural structure of society / edited by James W. Skillen, Rockne M. McCarthy",2013
185,The foundations of social research : meaning and perspective in the research process,"London ; Thousand Oaks, Calif. : Sage 1998",Michael Crotty,1998
186,Conflicts about class : debating inequality in late industrialism : a selection of readings,London ; New York : Longman Group 1996,edited by David J. Lee and Bryan S. Turner,1996
187,兒童發展與輔導 = Child development and guidance,初版 新北市 : 揚智文化 2013,郭靜晃著,2013
188,Modern social work theory,"3rd ed Chicago, Ill. : Lyceum Books, Inc. c2005",Malcolm Payne,2005
189,"Research design : qualitative, quantitative, and mixed methods approaches","Fourth edition, international student edition Los Angeles, Calif. : SAGE 2014",John W. Creswell,2014
190,What is a case? : exploring the foundations of social inquiry,Cambridge ; New York : Cambridge University Press 1992,edited by Charles C. Ragin and Howard S. Becker,1992
191,The practice of social research,"13th ed., student ed Belmont, Calif. : Wadsworth Cengage Learning c2013",Earl Babbie,2013
192,"Unequal childhoods : class, race, and family life",Berkeley : University of California Press c2003,Annette Lareau,2003
193,Qualitative inquiry & research design : choosing among five approaches,2nd ed Thousand Oaks : Sage Publications c2007,John W. Creswell,2007
194,"Social class in contemporary Japan : structures, sorting and strategies",London ; New York : Routledge 2010,edited by Hiroshi Ishida and David H. Slater,2010
195,Qualitative research methods for the social sciences,6th ed Boston : Pearson/Allyn & Bacon c2007,Bruce L. Berg,2007
196,How to do your case study,2nd edition London : Sage Publications Ltd 2016,Gary Thomas,2016
197,Qualitative research methods for the social sciences,8th ed Boston : Pearson c2012,"Bruce L. Berg, Howard Lune",2012
198,Sociology of religion : a reader,2nd ed Boston : Allyn & Bacon c2011,"edited by Susanne C. Monahan, William A. Mirola, Michael O. Emerson",2011
199,社會發展的趨勢與挑戰 : 香港與台灣的經驗,第1版 香港 : 香港中文大學香港亞太研究所 2006,劉兆佳 ... [et al.]著,2006
200,The religion of China : Confucianism and Taoism,New York : Macmillan 1964,by Max Weber ; translated and edited by Hans H. Gerth ;with an introduction by C.K. Yang,1964
201,Evaluation methodology basics : the nuts and bolts of sound evaluation,"Thousand Oaks, Calif. : Sage Publications c2005",E. Jane Davidson,2005
202,Evaluation : a systematic approach,"7th ed Thousand Oaks, CA : Sage c2004","Peter H. Rossi, Mark W. Lipsey, Howard E. Freeman",2004
203,Urban ecology,Cambridge ; New York : Cambridge University Press 2010,edited by Kevin J. Gaston,2010
204,Understanding Chinese society,"Second edition Abingdon, Oxon ; New York, NY : Routledge 2016",edited by Xiaowei Zang,2016
205,Social mobility and class structure in modern Britain,Oxford : Clarendon Press 1980,John H. Goldthorpe ; in collaboration with Catriona Llewellyn and Clive Payne,1980
206,"Research design : qualitative, quantitative, and mixed methods approaches","3rd ed Thousand Oaks, Calif. : Sage Publications c2009",John W. Creswell,2009
207,Basics of qualitative research : techniques and procedures for developing grounded theory,"3rd ed Los Angeles, Calif. : Sage Publications, Inc. c2008",Juliet Corbin and Anselm Strauss,2008
208,階級分析與香港,98增訂版 香港 : 靑文書屋 1998,"呂大樂, 黃偉邦編",1998
209,Understanding Chinese society,"Cambridge, UK ; Malden, MA : Polity Press 2000",Norman Stockman,2000
210,Social policy in China [electronic resource] : development and well-being,"Bristol, U.K. : Policy Press 2008","Chak Kwan Chan, King Lun Ngok and David Phillips",2008
211,"我們的地方, 我們的時間 : 香港社會新編 = Our place, our time : a new introduction to Hong Kong society",Hong Kong : Oxford University Press 2002,編者謝均才,2002
212,新社會政策,香港 : 香港中文大學 c1999,李健正 ... [等]編,1999
213,Urban regeneration,2nd edition Los Angeles : Sage 2017,"edited by Peter Roberts, Hugh Sykes, Rachel Granger",2017
214,Foundations of social policy: social justice in human perspective,"Sixth edition Boston, MA : Cengage Learning 2018",Amanda Smith Barusch,2018
215,Ethnography : principles in practice,3rd ed London ; New York : Routledge c2007,Martyn Hammersley and Paul Atkinson,2007
216,Foundations of social policy : social justice in human perspective,"4th ed Belmont, CA : Brooks/Cole c2012",Amanda Smith Barusch,2012
217,Contemporary China : society and social change,"Port Melbourne, Vic. : Cambridge University Press 2013","Tamara Jacka, Andrew B. Kipnis and Sally Sargeson",2013
218,兩岸三地社會政策 : 理論與實務,香港 : 中文大學出版社 c2007,"王卓祺, 鄧廣良, 魏雁濱編",2007
219,Social class : how does it work?,New York : Russell Sage Foundation c2008,"Annette Lareau and Dalton Conley, editors",2008
220,Psychopathology : a competency-based assessment model for social workers,"4th edition Boston, MA : Cengage Learning 2016",Susan W. Gray,2016
221,Social change and the middle classes,"Bristol, Pa. : UCL Press 1995",edited by Tim Butler and Mike Savage,1995
222,社會行動與香港,初版 香港 : 青文書屋 1989,王卓祺著,1989
223,Designing and managing programs : an effectiveness-based approach,Fifth edition Los Angeles : SAGE 2017,"Peter M. Kettner, Robert M. Moroney, Lawrence L. Martin",2017
224,Contemporary transformations of religion,Oxford : Clarendon Press 1976,,1976
225,"RealWorld evaluation : working under budget, time, data, and political constraints",Thousand Oaks : Sage Publications c2006,"Michael Bamberger, Jim Rugh, Linda Mabry",2006
226,現代人與聖經,初版 香港 : 香港基督徒學會 1994,李熾昌等著,1994
227,Introducing qualitative research : a student's guide,"Second edition Los Angeles, California : SAGE 2014",Rosaline Barbour,2014
228,Identity : sociological perspectives,"Cambridge, UK ; Malden, MA : Polity Press 2008",Steph Lawler,2008
229,Social transformation in China : critical concepts in Asian studies,"Abingdon, Oxon : Routledge 2014",edited by Jieyu Liu,2014
230,走进日本 : 透视日本语言与文化,第1版 北京市 : 北京语言大学出版社 2004,靳卫卫著,2004
231,Advances in social welfare in Hong Kong,Hong Kong : Chinese University Press : New Asia College c2002,edited by Daniel T.L. Shek ... [et al.],2002
232,Collaborative planning : shaping places in fragmented societies,"2nd ed Basingstoke, Hampshire UK ; New York : Palgrave Macmillan 2006",Patsy Healey,2006
233,Power in movement : social movements and contentious politics,Rev. & updated 3rd ed Cambridge ; New York : Cambridge University Press 2011,Sidney G. Tarrow,2011
234,野火集,香港 : 博益出版公司 : 小太陽有限公司發行 1986,龍應台著,1986
235,Cultural Heritage Politics in China [electronic resource],"New York, NY : Springer New York : Imprint: Springer 2013","edited by Tami Blumenfield, Helaine Silverman",2013
236,The Dynamics of social movement in Hong Kong,Hong Kong : Hong Kong University Press 2000,edited by Stephen Wing Kai Chiu and Tai Lok Lui,2000
237,Program evaluation : methods and case studies,8th ed Boston : Prentice Hall c2011,Emil J. Posavac,2011
238,Durkheim,Oxford : Oxford University Press 1992,Frank Parkin,1992
239,Theory and practice of counseling and psychotherapy,"Tenth edition Boston, MA : Cengage Learning 2017]",Gerald Corey,2017
240,The sustainable urban development reader,London ; New York : Routledge 2004,edited by Stephen M. Wheeler and Timothy Beatley,2004
241,The Cambridge companion to modern Japanese culture,Cambridge ; New York : Cambridge University Press 2009,edited by Yoshio Sugimoto,2009
242,Bowling alone : the collapse and revival of American community,New York : Simon & Schuster c2000,Robert D. Putnam,2000
243,中外名學者論21世紀初的中國,香港 : 中文大學出版社 2009,"熊景明, 關信基編",2009
244,East Asian middle classes in comparative perspective,"Taipei, Taiwan : Institute of Ethnology, Academia Sinica c1999",edited by Hsin-Huang Michael Hsiao,1999
245,真實烏托邦 = Envisioning real utopias,1版 新北市新店區 : 群學出版有限公司 2015,Erik Olin Wright ; 黃克先譯 ; 林宗弘校訂,2015
246,The quality of qualitative research,London : SAGE 1999,Clive Seale,1999
247,Land and the ruling class in Hong Kong,"Richmond, BC : A. Poon 2005",Alice Poon,2005
248,Spaces of contention : spatialities and social movements,"Farnham, Surrey : Ashgate 2013","edited by Walter Nicholls, Byron Miller, Justin Beaumont",2013
249,基督教社會思想史,4版 香港 : 基督教文藝出版社 1991,"[著作者特爾慈 ; 編譯者戴盛虞, 趙振嵩]",1991
250,Social class and the division of labour : essays in honor of Ilya Neustadt,Cambridge : Cambridge University Press 1982,"edited by Anthony Giddens, Gavin Mackenzie",1982
251,Ethical practice of social media in public relations,New York : Routledge 2014,edited by Marcia W. DiStaso and Denise Sevick Bortree,2014
252,The urban experience,Baltimore : Johns Hopkins University Press c1989,David Harvey,1989
253,架構的生態系 : 資訊環境被如何設計至今?,初版 台北市 : 大鴻藝術股份有限公司 2011,濱野智史著 ; 蘇文淑譯,2011
254,Chinese society in the age of Confucius (1000-250 BC) : the archaeological evidence,"Los Angeles : Cotsen Institute of Archaeology, University of California 2006",Lothar von Falkenhausen,2006
255,The students companion to social policy,"4th ed Chichester, West Sussex ; Hoboken, NJ : Wiley-Blackwell 2012","edited by Pete Alcock, Margaret May, and Sharon Wright",2012
256,The Good society,New York : Knopf 1991,Robert N. Bellah ... [et al.],1991
257,"Chinese society : change, conflict and resistance",3rd ed London : Routledge 2010,edited by Elizabeth J. Perry and Mark Selden,2010
258,Social marketing : changing behaviors for good,"Edition 5 Thousand Oaks, California : SAGE 2016","Nancy R. Lee, University of Washington and Social Marketing Services, Inc. ; Philip Kotler, Kellogg School of Management",2016
259,中國社會 : 變革、衝突與抗爭,香港 : 中文大學出版社 2014,"裴宜理, 塞爾登編 ; 夏璐, 周凱, 閻小駿譯",2014
260,"香港人之香港史, 1841-1945 = The Hong Kong people's history of Hong Kong, 1841-1945",香港 : 牛津大學出版社 2001,蔡榮芳,2001
261,"Hermeneutics and the human sciences : essays on language, action, and interpretation",Cambridge Eng. ; New York : Cambridge University Press ; Paris : Editions de la Maison des sciences de l'homme 1981,"Paul Ricoeur ; edited, translated, and introduced by John B. Thompson",1981
262,"Make way for the superhumans : how the science of bio-enhancement is transforming our world, and how we need to deal with it",London : Icon Books 2017,Michael Bess,2017
263,Principles of economics,"Eighth edition Boston, MA : Cengage Learning 2018",N. Gregory Mankiw,2018
264,Seeing like a state : how certain schemes to improve the human condition have failed,"New Haven, Conn. ; London : Yale University Press c1998",James C. Scott,1998
265,中國的崛起 = The rise of China,香港 : 進一步多媒體有限公司 2006,孔誥烽,2006
266,The Song-Yuan-Ming transition in Chinese history,"Cambridge, MA : Harvard University Asia Center : Distributed by Harvard University Press 2003","Paul Jakov Smith and Richard von Glahn, editors",2003
267,乡土中国 ; 生育制度,第1版 北京市 : 北京大学出版社 1998,"费孝通著, 费孝通",1998
268,Changing China : a geographic appraisal,"Boulder, Colo. : Westview Press c2004","Chiao-min Hsieh and Max Lu, editors",2004
269,Principles of economics,"6th ed Mason, OH : South-Western Cengage Learning c2012",N. Gregory Mankiw,2012
270,Essential criminology,"Fourth edition Boulder, Colorado : Westview Press 2015","Mark M. Lanier, University of Alabama, Stuart Henry, San Diego State University, Desirâe J. M. Anastasia, Metropolitan State University of Denver",2015
271,Digital soul : intelligent machines and human values,"Boulder, Colo. : Westview Press 2003",Thomas M. Georges,2003
272,On global citizenship [electronic resource] : James Tully in dialogue,London ; New York : Bloomsbury Academic 2014,James Tully,2014
273,"State and society in 21st century China : crisis, contention, and legitimation",New York : RoutledgeCurzon 2004,edited by Peter Hays Gries and Stanley Rosen,2004
274,Language and society in Japan,"Cambridge, UK ; New York, N.Y. : Cambridge Univeristy Press 2005",Nanette Gottlieb,2005
275,Essentials of economics,"6th ed Mason, OH : South-Western Cengage Learning c2012",N. Gregory Mankiw,2012
276,"Criminological theory : past to present, essential readings",Fifth Edition New York : Oxford University Press 2014,"Francis T. Cullen, University of Cincinnati, Robert Agnew, Emory University, Pamela Wilcox, University of Cincinnati",2014
277,Law and society in traditional China,"Paris, Mouton 1965 [1966",[Foreword by A. F. P. Hulsewé],1996
278,Development and challenge : Southeast Asia in the new millennium,Singapore : Times Academic Press 1999,edited by Wong Tai-Chee & Mohan Singh,1999
279,CIVICUS global survey of the state of civil society,"Bloomfield, CT : CIVICUS : Kumarian Press 2007-2008",edited by V. Finn Heinrich,2008
280,下流志向 : 為什麼孩子不上學、不工作,初版 台北市 : 麥田出版 2008,內田樹 ; [譯者黃靜儀],2008
281,國富論,初版 臺北市 : 先覺出版股份有限公司 2000,"Adam Smith著 ; 謝宗林, 李華夏合譯",2000
282,香港四代人,第1版 香港 : 進一步多媒體有限公司 2007,呂大樂,2007
283,Institutional environments and organizations : structural complexity and individualism,"Thousand Oaks, Calif. : SAGE Publications c1994","W. Richard Scott, John W. Meyer and associates",1994
284,Routledge handbook of Japanese culture and society,"Abingdon, Oxon ; New York : Routledge 2011","edited by Victoria Lyon Bester and Theodore C. Bestor, with Akiko Yamagata",2011
285,The death and life of great American cities,New York : Vintage Books c1961,Jane Jacobs,1961
286,Distinction : a social critique of the judgement of taste,Routledge & K. Paul : : London 1984,Pierre Bourdieu ; translated by Richard Nice,1984
287,"""御宅族""的精神史 : 1980年代论",第1版 北京市 : 北京大学出版社 2015,大塚英志著 ; 周以量译,2015
288,Introducing social policy,"2nd ed Harlow, England ; New York : Prentice Hall c2008","Cliff Alcock, Guy Daly, Edwin Griggs",2008
289,From modernization to globalization : perspectives on development and social change,"Malden, Mass. : Blackwell Publishers 2000",edited by J. Timmons Roberts and Amy Hite,2000
290,China in the post-utopian age,"Boulder, Colo. : Westview Press 2000",Christopher J. Smith,2000
291,Transforming patriarchy : Chinese families in the twenty-first century,Seattle : University of Washington Press 2017,edited by Gonçalo Santos and Stevan Harrell,2017
292,The Protestant ethic and the spirit of capitalism,New York : Charles Scribbner's Sons 1976,Max Weber ; translated by Talcott Parsons ; introduction by Anthony Giddens,1976
293,The politics of Jesus : vicit Agnus noster,"2nd ed Grand Rapids, Mich. : Eerdmans ; Carlisle, UK : Paternoster Press 1994",John Howard Yoder,1994
294,The China model : political meritocracy and the limits of democracy,Princeton : Princeton University Press 2015,Daniel A. Bell,2015
295,Welfare and ideology,New York ; London : Harvester Wheatsheaf 1994,Vic Goerge and Paul Wilding,1994
296,The China model : political meritocracy and the limits of democracy,Princeton : Princeton University Press 2015,Daniel A. Bell,2015
297,Contemporary Chinese society and politics,"New York, NY : Routledge 2009","edited by Andrew Kipnis, Luigi Tomba and Jonathan Unger",2009
298,The Japanese family system in transition : a sociological analysis of family change in postwar Japan,Tokyo : LTCB International Library Foundation 1997,Ochiai Emiko,1997
299,The lottery,"Logan, Iowa : Perfection Learning Corp. 1990",Shirley Jackson,1990
300,Perspectives on social memory in Japan,Folkestone : Global Oriental c2005,"edited by Tsu Yun Hui, Jan van Bremen, Eyal Ben-Ari",2005
301,The International survey of family law,The Hague : M. Nijhoff c1996-,,1996
302,"China and globalization : the social, economic, and political transformation of Chinese society",3rd ed New York : Routledge 2012,Doug Guthrie,2012
303,"Chinese politics : state, society and the market",London ; New York : Routledge 2010,edited by Peter Hays Gries and Stanley Rosen,2010
304,日本人与中囯人,第1版 重庆 : 重庆出版社 1994,西条正著,1994
305,The SAGE handbook of housing studies,London : SAGE 2012,"edited by David F. Clapham, William A.V. Clark and Kenneth Gibb",2012
306,Discovering statistics using IBM SPSS statistics : and sex and drugs and rock 'n' roll,4th ed London : SAGE c2013,Andy Field,2013
307,China's future,"Cambridge, UK : Polity 2016",David Shambaugh,2016
308,Intimate relationships,"Seventh edition New York, NY : McGraw-Hill 2015","Rowland S. Miller, Sam Houston State University",2015
309,單身寄生時代,初版 台北市 : 新新聞文化事業股份有限公司 2001,山田昌弘著 ; 李尚霖譯,2001
310,The enlightened judgments : Ch‘ing-ming chi : the Sung dynasty collection,Albany : State University of New York Press 1999,translated by Brian E. McKnight and James T.C. Liu ; annotated and introduced by Brian E. McKnight,1999
311,The enlightened judgments [electronic resource] : Qingming ji : the Sung dynasty collection,Albany : State University of New York Press 1999,translated by Brian E. McKnight and James T.C. Liu ; annotated and introduced by Brian E. McKnight,1999
312,父權體制與資本主義 : 馬克思主義之女性主義,初版 臺北市 : 時報文化出版企業股份有限公司 1997,"上野千鶴子著 ; 劉靜貞, 洪金珠譯",1997
313,十個詞彙裡的中國 = China in ten words,初版 台北市 : 麥田出版 2010,余華,2010
314,文化地理学,"修订版, 第2版 南京市 : 南京大学出版社 2005","迈克・克朗著 ; 杨淑华, 宋慧敏译",2005
315,Case study research : design and methods,Fifth edition Los Angeles : SAGE 2014,Robert K. Yin,2014
316,Criminology,"9th ed Belmont, CA : Thomson/Wadsworth c2006",Larry J. Siegel,2006
317,Rational choice theory and religion : summary and assessment,New York : Routledge 1997,edited by Lawrence A. Young,1997
318,Population : an introduction to concepts and issues,"10th ed Belmont, CA : Thomson/Wadsworth c2008",John R. Weeks,2008
319,"A matter of taste : how names, fashions, and culture change",New Haven : Yale University Press c2000,Stanley Lieberson,2000
320,從日語看日本文化,香港 : 中文大學出版社 2010,何志明著,2010
321,寫在家國以外,1st published 香港 : 牛津大學出版社 1995,周蕾,1995
322,The socialist decision,"Eugene, Or. : Wipf & Stock 2012",Paul Tillich ; translated by Franklin Sherman,2012
323,Cultural geography,London ; New York : Routledge 1998,Mike Crang,1998
324,An introduction to population,"11th ed Belmont, CA : Wadsworth Cengage Learning c2012",John R. Weeks,2012
325,儒家思想的實踐,初版 臺北市 : 臺灣商務印書館 民國69 [1980,尼微遜等著 ; 孫隆基譯 ; 中山學術文化基金董事會編譯,1980
326,Society and politics in Hong Kong,Hong Kong : Chinese University Press 1982,[by] Lau Siu-kai,1982
327,"Globalization, changing demographics, and educational challenges in East Asia","Bingley, UK : Emerald 2010","edited by Emily Hannum, Hyunjoon Park, Yuko Goto Butler",2010
328,過渡期的香港 : 政治、經濟、社會,初版 香港 : 廣角鏡出版社有限公司 : 發行華風書局 1988,基督徒香港守望社著,1988
329,Welfare theory : an introduction,New York : Palgrave 2001,Tony Fitzpatrick,2001
330,香港人的性格發展: 個案選集,初版 香港 : 廣角鏡出版社 : 發行華風書局 1989,侯傑泰 ... [et al.]合編,1989
331,Challenges and policy programmes of China's new leadership,Hong Kong : City University of Hong Kong Press 2007,edited by Joseph Y.S. Cheng,2007
332,Otaku : Japan's database animals,"[English ed.] Minneapolis, MN : University of Minnesota Press c2009",Hiroki Azuma ; translated by Jonathan E. Abel and Shion Kono,2009
333,The Geography of contemporary China : the impact of Deng Xiaoping's decade,London ; New York : Routledge 1990,edited by Terry Cannon and Alan Jenkins,1990
334,International Handbook of Autism and Pervasive Developmental Disorders [electronic resource],"1 New York, NY : Springer Science+Business Media, LLC 2011","edited by Johnny L. Matson, Peter Sturmey",2011
335,Japanese apology across disciplines,"Commack, N.Y. : Nova Science Publishers c1999",[edited by] Naomi Sugimoto,1999
336,那似曾相識的七十年代,初版 香港 : 中華書局香港有限公司 2012,呂大樂著,2012
337,Contemporary urban planning,9th ed Boston : Longman c2011,John M. Levy,2011
338,解读日本人论,第1版 上海市 : 华东师范大学出版社 2007,"编著罗斯・摩尔, 杉本良夫",2007
339,從人類學看香港社會: 華德英敎授論文集: Hong Kong society in anthropological perspective : collected essays of Professor barbara Elsie Ward,初版 香港 : 大學出版印務公司 1985,[馮承聰等編譯],1985
340,Routledge handbook of the climate change movement,"Milton Park, Abingdon, Oxon : Routledge 2014",edited by Matthias Dietz and Heiko Garrelts,2014
341,Museum politics : power plays at the exhibition,Minneapolis : University of Minnesota Press c2002,Timothy W. Luke,2002
342,The birth of Chinese feminism : essential texts in transnational theory,New York : Columbia University Press c2013,"Lydia H. Liu, Rebecca E. Karl, and Dorothy Ko, editors",2013
343,Japan's changing generations : are young people creating a new society?,London : RoutledgeCurzon 2004,edited by Gordon Mathews and Bruce White,2004
344,The consumer society reader,"Malden, Mass. : Blackwell 2000",edited by Martyn J. Lee,2000
345,Understanding social citizenship : themes and perspectives for policy and practice,"2nd ed Bristol ; Portland, OR : Policy Press 2010",Peter Dwyer,2010
346,Culture & power : the sociology of Pierre Bourdieu,Chicago : University of Chicago Press 1997,David Swartz,1997
347,文化与权力 : 布尔迪厄的社会学,第1版 上海 : 上海译文出版社 2012,戴维・斯沃茨著 ; 陶东风译,2012
348,家庭如何塑造人,初版 台北 : 張老師文化事業股份有限公司 民國83[1994,維琴尼亞・薩提爾原著 ; 吳就君譯著,2010
349,The cleanest race : how North Koreans see themselves--and why it matters,"Brooklyn, N.Y. : Melville House c2010",B.R. Myers,2010
350,Encountering development : the making and unmaking of the third world,"Princeton, N.J. : Princeton University Press 1995",Arturo Escobar,1995
351,The new peoplemaking,"Mountain View, Calif. : Science and Behavior Books c1988",by Virginia Satir,1988
352,下一個十年 : 香港的光榮年代?,香港 : 牛津大學出版社 2008,陳冠中,2008
353,The social dynamics of family violence,"Second edition Boulder, CO : Westview Press 2017","Angela Hattery, George Mason University, Earl Smith, Wake Forest University",2017
354,The first decade : the Hong Kong SAR in retrospective and introspective perspectives,Hong Kong : Chinese University Press c2007,edited by Yue-man Yeung,2007
355,The social dynamics of family violence,"Boulder, Colo. : Westview Press c2012",Angela Hattery and Earl Smith,2012
356,The archaeology of early China : from prehistory to the Han Dynasty,"New York, NY : Cambridge University Press 2015",Gideon Shelach-Lavi,2015
357,政治學新論 : 西方學理與中華經驗,香港 : 中文大學出版社 c1997,"鄭宇碩, 羅金義編",1997
358,At the bottom of the river,"1st Farrar, Straus and Giroux pbk. ed New York : Farrar, Straus and Giroux 2000",Jamaica Kincaid,2000
359,Politics,"4th ed Houndmills, Basingstoke, Hampshire : New York : Palgrave Macmillan 2013",Andrew Heywood,2013
360,China's third revolution : tensions in the transition towards a post-communist China,Richmond : Curzon 2001,Ian G. Cook and Geoffrey Murray,2001
361,Writing ethnographic fieldnotes,Chicago : University of Chicago Press 1995,"Robert M. Emerson, Rachel I. Fretz, Linda L. Shaw",1995
362,Understanding crime data : haunted by the dark figure,Buckingham ; Philadelphia : Open University Press 1996,"Clive Coleman, Jenny Moynihan",1996
363,Development studies,"Cambridge, UK : Polity 2008",Jeffrey Haynes,2008
364,Politics,3rd ed Basingstoke : Palgrave Macmillan 2007,Andrew Heywood,2007
365,動物化するポストモダン : オタクから見た日本社会,東京 : 講談社 2001,東浩紀,2001
366,"The rise of the creative class : and how it's transforming work, leisure, community and everyday life","New York, NY : Basic Books 2002",Richard Florida,2002
367,日本の広場,"復刻版, 第1版 東京 : 彰国社 2009",都市デザイン研究体編著,2009
368,Artisans in early imperial China,Seattle : University of Washington Press : Published with the assistance of the Getty Foundation c2007,Anthony J. Barbieri-Low,2007
369,The globalization and development reader : perspectives on development and global change,"Malden, Mass. : Blackwell Publishing 2007",edited by J. Timmons Roberts and Amy Bellone Hite,2007
370,Understanding cultural geography : places and traces,London ; New York : Routledge 2010,Jon Anderson,2010
371,Youth & crime,"3rd ed London ; Thousand Oaks, CA : SAGE c2009",John Muncie,2009
372,政治學新探 : 中華經驗與西方學理,香港 : 中文大學出版社 c2009,"鄭宇碩, 羅金義編著",2009
373,動物化的後現代 : 御宅族如何影響日本社會,初版 台北市 : 大鴻藝術 2012,東浩紀作 ; 褚炫初譯,2012
374,當代政治學十講 = Ten lectures on contemporary political science,香港 : 香港中文大學出版社 2016,閻小駿著,2016
375,Birth and fortune : the impact of numbers on personal welfare,2nd ed Chicago : University of Chicago Press 1987,Richard A. Easterlin,1987
376,Program evaluation : alternative approaches and practical guidelines,3rd ed Boston : Pearson/Allyn and Bacon c2004,"Jody L. Fitzpatrick, James R. Sanders, Blaine R. Worthen",2004
377,"Democracy in America / translated, edited, and with an introduction by Harvey C. Mansfield and Delba Winthrop",Chicago : University of Chicago Press 2000,,2000
378,Theorising welfare : enlightenment and modern society,London : Sage 1998,Martin O'Brien and Sue Penna,1998
379,"Wives, husbands, and lovers : marriage and sexuality in Hong Kong, Taiwan, and urban China","Stanford, California : Stanford University Press 2014",edited by Deborah S. Davis and Sara L. Friedman,2014
380,"Natural-born cyborgs : minds, technologies, and the future of human intelligence",Oxford ; Hong Kong : Oxford University Press 2003,Andy Clark,2003
381,"Daoist modern : innovation, lay practice, and the community of inner alchemy in Republican Shanghai","Cambridge, Mass. : Harvard University Asia Center : Distributed by Harvard University Press 2009",Xun Liu,2009
382,"Statesmen and gentlemen : the elite of Fu-Chou, Chiang-Hsi, in Northern and Southern Sung",Cambridge : Cambridge University Press 1986,Robert P. Hymes,1986
383,Managing cultural landscapes,London ; New York : Routledge 2012,edited by Ken Taylor and Jane L. Lennon,2012
384,"Work, consumerism and the new poor",Buckingham ; Philadelphia : Open University Press 1998,Zygmunt Bauman,1998
385,Measuring environment across the life span : emerging methods and concepts,"1st ed Washington, D.C. : American Psychological Association c1999",edited by Sarah L. Friedman and Theodore D. Wachs,1999
386,Orphan warriors : three Manchu generations and the end of the Qing world,"Princeton, N.J. : Princeton University Press c1990",Pamela Kyle Crossley,1990
387,The political economy of Japanese globalization,London ; New York : Routledge 2001,edited by Glenn D. Hook and Hasegawa Harukiyo,2001
388,"The birth of the museum : history, theory, politics",London : Routledge 1995,Tony Bennett,1995
389,原初的激情 : 視覺、性慾、民族誌與中國當代電影,初版 台北市 : 遠流出版事業股份有限公司 2001,周蕾(Rey Chow)著 ; 孫紹誼譯,2001
390,ゼロ年代の想像力,再版 東京 : 早川書房 2008,宇野常寛,2008
391,人間佛教的社會和政治參與 : 太虛和星雲如是說、如是行,初版 香港 : 香港中文大學文化及宗教研究系人間佛教研究中心 2005,學愚,2005
392,Men and masculinities in contemporary Japan : dislocating the salaryman doxa,London ; New York : Routledge 2003,edited by James E. Roberson and Nobue Suzuki,2003
393,Writing literature reviews : a guide for students of the social and behavioral sciences,"4th ed Glendale, CA : Pyrczak c2009",Jose L. Galvan,2009
394,How to do educational ethnography,London : Tufnell Press c2008,edited by Geoffrey Walford,2008
395,Effective writing : a guide for social science students,Hong Kong : Chinese University Press c2003,Pedro Pak-tao Ng,2003
396,Tort law and social morality,Cambridge ; New York : Cambridge University Press 2010,Peter M. Gerhart,2010
397,江戶東京のみかた調べかた,東京 : 鹿島出版会 1989,陣内秀信 ; 法政大学・東京のまち研究会,1989
398,中國文人的非正常死亡,初版 台北市 : 究竟出版社股份有限公司 2003,李國文著,2003
399,東京の空間人類学,東京 : 筑摩書房 1992,陣内秀信,1992
400,"The ASEAN success story : social, economic, and political dimensions : based on the East-West Center's 25th Anniversary Conference on ASEAN and the Pacific Basin, held in Honolulu, Hawaii from 29 October to 1 November 1985","Honolulu, Hawaii : The East-West Center 1987",edited by Linda G. Martin,1987
401,Psychometrics : an introduction,Second edition Thousand Oaks : SAGE 2014,"R. Michael Furr, Wake Forest University; Verne R. Bacharach, Appalachian State University",2014
402,天水圍的日與夜 [錄像資料] = The way we are,香港 : 名威影業有限公司 : 千勣企業有限公司 2008,漢電影 ; 影王朝 ; 製作卡士有限公司 ; 監製導演許鞍華 ; 編劇呂筱華,2008
403,中國的宗族與戲劇,第1版 上海 : 上海古籍出版社 1992,"田仲一成著 ; 錢杭, 任余白譯",1992
404,Readings in urban theory,"3rd ed Chicester, West Sussex ; Malden, MA : Wiley-Blackwell 2011",edited by Susan S. Fainstein and Scott Campbell,2011
405,The common good and Christian ethics,"Cambridge, UK ; New York : Cambridge University Press 2002",David Hollenbach,2002
406,A guide to doing statistics in second language research using SPSS and R,"Second edition New York, NY : Routledge 2016","Jenifer Larson-Hall, Fukuoka JoGakuin University",2016
407,Education and national development : a comparative perspective,2nd ed Oxford ; New York : Pergamon 1989,by Ingemar Fägerlind and Lawrence J. Saha,1989
408,The geographical analysis of population : with applications to planning and business,New York : J. Wiley c1994,"David A. Plane, Peter A. Rogerson",1994
409,媒介文化論 : 給媒介學習者的15講,1版 台北市 : 群學出版有限公司 2009,吉見俊哉 ; 蘇碩斌譯,2009
410,Economic development,Twelfth edition Boston : Pearson 2015,"Michael P. Todaro, New York University, Stephen C. Smith, the George Washington University",2015
411,The rule of law,London : Penguin 2011,Tom Bingham,2011
412,リトル・ピープルの時代,東京 : 幻冬舎 2011,宇野常寬,2011
413,Cities in a world economy,"4th ed Thousand Oaks, Calif. : SAGE/Pine Forge c2012",Saskia Sassen,2012
414,Geographies of development,"2nd ed Harlow, England ; New York : Pearson/Prentice Hall 2004",Robert B. Potter ... [et al.],2004
415,Development and underdevelopment : the political economy of global inequality,"2nd ed Boulder, Colo. : Lynne Rienner Publishers 1998","edited by Mitchell A. Seligson, John T. Passé-Smith",1998
416,Parents and children,"Aldershot, England ; Burlington, VT : Ashgate c2008",edited by Andrew Bainham,2008
417,World poverty : new policies to defeat an old enemy,Bristol : Policy Press 2002,edited by Peter Townsend and Dave Gordon,2002
418,World hunger : 12 myths,"2nd ed. fully rev. and updated New York : Grove Press ; Emeryville, CA : Distributed by Publishers Group West c1998","Frances Moore Lappé, Joseph Collins, and Peter Rosset ; with Luis Esparza",1998
419,Excavating the afterlife [electronic resource] : the archaeology of early Chinese religion,Seattle : University of Washington Press 2015,Guolong Lai,2015
420,The social visions of the Hebrew Bible : a theological introduction,"1st ed Louisville, Ky. : Westminster John Knox ©2001",J. David Pleins,2001
421,"A political sociology of educational reform : power/knowledge in teaching, teacher education, and research",New York : Teachers College Press c1991,Thomas S. Popkewitz,1991
422,Boundaries and allegiances : problems of justice and responsibility in liberal thought,Oxford ; New York : Oxford University Press 2001,"Samuel Scheffler, by Samuel Scheffler",2001
423,Durkheim,2nd ed London : Fontana Press 1986,Anthony Giddens,1986
424,樂猶如此,初版 香港 : 國際演藝評論家協會香港分會 2005,余少華 = Such are the fading sounds / Yu Siu-wah,2005
425,Law and practice of international finance,University edition London : Sweet & Maxwell 2008,by Philip R. Wood,2008
426,Aversive democracy : inheritance and originality in the democratic tradition,Cambridge : Cambridge University Press 2007,Aletta J. Norval,2007
427,Beyond the metropolis : villages in Hong Kong,Hong Kong : Joint Publishing H.K. Co. Ltd. 1995,"editors, P.H. Hase, Elizabeth Sinn",1995
428,Global civil society?,Cambridge : Cambridge University Press 2003,John Keane,2003
429,Human ecology : a theory of community structure,New York : Ronald Press 1950,A. H. Hawley,1950
430,明清文學中的西南敘事 = The southwest in Ming-Qing literary imagination,初版 臺北 : 國立臺灣大學出版中心 2017,胡曉真著,2017
431,The ethics of immigration,New York : Oxford University Press 2013,Joseph H. Carens,2013
432,"Public health ethics : theory, policy, and practice",Oxford ; New York : Oxford University Press 2007,edited by Ronald Bayer ... [et al.],2007
433,On common laws,Oxford ; New York : Oxford University Press 2005,H. Patrick Glenn,2005
434,An introduction to psychological assessment & psychometrics,2nd edition Los Angeles : SAGE 2014,Keith Coaley,2014
435,The study of urban geography,4th ed London : Edward Arnold 1995,Harold Carter,1995
436,God's beauty : a call to justice,"Collegeville, Minn. : Liturgical Press c2012",Patrick T. McCormick,2012
437,Fifty years of public housing in Hong Kong : a golden jubilee review and appraisal,"Hong Kong : Chinese University Press for the Hong Kong Housing Authority, Hong Kong Institute of Asia-Pacific Studies c2003",edited by Y.M. Yeung and Timonthy K.Y. Wong,2003
438,Brokered boundaries : creating immigrant identity in anti-immigrant times,New York : Russell Sage Foundation 2010,Douglas S. Massey and Magaly Sánchez R,2010
439,Researching the art of teaching : ethnography for educational use,London ; New York : Rouledge 1996,Peter Woods,1996
440,上海摩登 : 一種新都市文化在中國1930-1945,增訂版 Hong Kong : Oxford University Press China Ltd. 2006,李歐梵 ; 毛尖譯,2006
441,Psychological testing and assessment : an introduction to tests and measurement,"8th ed New York, NY : McGraw-Hill c2013","Ronald Jay Cohen, Mark E. Swerdlik, Edward D. Sturman",2013
442,"The impossible state : North Korea, past and future",1st ed New York : Ecco c2012,Victor Cha,2012
443,Adolescence,3rd ed New York : McGraw-Hill c1993,Laurence Steinberg,1993
444,樂在顚錯中 : 香港雅俗音樂文化,香港 : : 牛津出版社 c2001,余少華,2001
445,Whither China's democracy : democratization in China since the Tiananmen incident,Hong Kong : City University of Hong Kong Press 2011,"edited by Joseph Y.S. Cheng ; [contributors, Mobo Gao ... [et al.]], edited by Joseph Y.S. Cheng, Joseph Y. S. Cheng",2011
446,上海摩登 : 一种新都市文化在中囯1930-1945,第1版 北京市 : 北京大学出版社 2001,李欧梵著 ; 毛尖译,2001
447,"Shanghai modern : the flowering of a new urban culture in China, 1930-1945","Cambridge, Mass. : Harvard University Press 1999",Leo Ou-fan Lee,1999
448,"Education and international development : theory, practice and issues","Didcot, Oxford, United Kingdom : Symposium Books 2014",Clive Harber,2014
449,Robot ethics : the ethical and social implications of robotics,"Cambridge, Mass. : MIT Press c2012","edited by Patrick Lin, Keith Abney, and George A. Bekey",2012
450,Evicted : poverty and profit in the American city,First edition New York : Crown Publishers 2016,Matthew Desmond,2016
451,The great urban transformation : politics of land and property in China,Oxford ; Hong Kong : Oxford University Press 2010,You-tien Hsing,2010
452,建設中國的耶路撒冷 : 基督教與城市現代性變遷,香港 : 香港大學出版社 2013,曹南來,2013
453,Adaptation and transformation in communist and post-communist systems,"Boulder, Colo. : Westview Press 1992",edited by Sabrina Petra Ramet,1992
454,North Korea's hidden revolution : how the information underground is transforming a closed society,New Haven : Yale University Press 2016,Jieun Baek,2016
455,Human enhancement,Oxford ; New York : Oxford University Press 2009,edited by Julian Savulescu and Nick Bostrom,2009
456,Public health infectious disease,"Hong Kong : Stanley Ho Centre for Emerging Infectious Diseases, Chinese University of Hong Kong 2012",[S.S. Lee],2012
457,The culture map : breaking through the invisible boundaries of global business,"First edition New York, NY : PublicAffairs 2014",Erin Meyer,2014
458,"The common law in two voices : language, law, and the postcolonial dilemma in Hong Kong","Stanford, Calif. : Stanford University Press c2009",Kwai Hang Ng,2009
459,Introduction to public health,"Fifth edition Burlington, MA : Jones & Bartlett Learning 2017","Mary-Jane Schneider, PhD, Clinical Associate Professor, Department of Health Policy, Management, and Behavior, School of Public Health, University at Albany, State University of New York, Rensselaer, New York, with Henry S. Schneider, PhD, Assistant Professor of Economics, Johnson Graduate School of Management, Cornell University, Ithaca, New York ; drawings by Henry S. Schneider",2017
460,Family law case library. Children,2nd ed Bristol England : Family Law c2011,"editors, Charles Prest, Stephen Wildblood",2011
461,Nuclear endgame : the need for engagement with North Korea,"Westport, Conn. : Praeger Security International 2007",Jacques L. Fuqua Jr,2007
462,"Masculine compromise : migration, family, and gender in China","Oakland, California : University of California Press 2016",Susanne Y.P. Choi and Yinni Peng,2016
463,World poverty and human rights : cosmopolitan responsibilities and reforms,Cambridge : Polity ; London : Blackwell 2002,Thomas W. Pogge,2002
464,课程与敎学的基本原理,第1版 北京 : 人民敎育出版社 1994,拉尔夫・泰勒著 ; 施良方译 ; 瞿葆奎校,1994
465,Political parties and democracy,"Baltimore, MD : Johns Hopkins University Press 2001",edited by Larry Diamond and Richard Gunther,2001
466,Polyarchy; participation and opposition,New Haven : Yale University Press 1971,by Robert A. Dahl,1971
467,Understanding the political culture of Hong Kong : the paradox of activism and depoliticization,"Armonk, N.Y. : M.E. Sharpe c2004",Wai-man Lam ; foreword by Ming K. Chan,2004
468,課程與敎學的基本原理,臺北 : 桂冠圖書出版公司 民國70 [1981,泰勒著 ; 黃炳煌編譯 ; 國立編譯館主編,1981
469,Asian children at home and at school : an ethnographic study,London : New York : Routledge 1999,Ghazala Bhatti,1999
470,基督教的兴起 : 一个社会学家对历史的再思 = The rise of Christianity : a sociologist reconsiders history,第1版 上海 : 上海古籍出版社 2005,"罗德尼・斯塔克著 ; 黄剑波, 高民贵译",2005
471,ゲーム的リアリズムの誕生 : 動物化するポストモダン. 2,東京 : 講談社 2007,東浩紀,2007
472,Social media campaigns : strategies for public relations and marketing,"New York : Routledge, Taylor & Francis Group 2016",Carolyn Mae Kim,2016
473,The economic analysis of public policy [electronic resource],London ; New York : Routledge 2007,William K. Bellinger,2007
474,"Constructing China's Jerusalem : Christians, power, and place in contemporary Wenzhou","Stanford, Calif. : Stanford University Press c2011",Nanlai Cao,2011
475,"Scouting in Hong Kong, 1910-2010","Originally presented as the author's Ph.D. thesis--University of Hong Kong, 2010. 2011",Paul Kua,2011
476,Culture clash,"Lincolnwood, Ill. : NTC Business Books c1995","Ned Seelye, Alan Seelye-James",1995
477,"Dimensions of radical democracy : pluralism, citizenship, community",London : Verso 1992,edited by Chantal Mouffe,1992
478,Global civil society : dimensions of the nonprofit sector,"Baltimore, MD : Johns Hopkins Center for Civil Society Studies 2004",Lester M. Salamon ... [et al.],2004
479,Equilibrium analysis : variations on themes by Edgeworth and Walras,"Amsterdam ; New York : North-Holland ; New York, N.Y. : Sole distributors for the U.S.A. and Canada, Elsevier Science Pub. Co. 1988","W. Hildenbrand, A.P. Kirman",1988
480,The Routledge companion to landscape studies,London ; New York : Routledge 2013,"edited by Peter Howard, Ian Thompson, Emma Waterton",2013
481,Modern political ideologies,"Oxford, UK ; Cambridge, USA : Blackwell 1992",Andrew Vincent,1992
482,Constructing education for development : international organizations and education for all,New York : RoutledgeFalmer 2003,Colette Chabbott,2003
483,Teaching in the knowledge society : education in the age of insecurity,New York : Teachers College Press c2003,Andy Hargreaves,2003
484,Political theory and international relations,"Princeton, N.J. : Princeton University Press c1979",Charles R. Beitz,1979
485,The rise of Christianity : a sociologist reconsiders history,"Princeton, N.J. : Princeton University Press c1996",Rodney Stark,1996
486,Millennial monsters : Japanese toys and the global imagination,Berkeley : University of California Press 2006,Anne Allison ; foreword by Gary Cross,2006
487,The complex roles of the teacher : an ecological perspective,"New York : Teachers College,Columbia University 1984","Shirley F. Heck, C. Ray Williams ;foreword by John I. Goodlad, Shirley F. Heck, C. Ray Williams ; foreword by John I. Goodlad",1984
488,人間開眼 : 從小說與映像窺視下流日本,初版 香港 : 天窗出版 2013,湯禎兆著,2013
489,Community-based participatory research,"Thousand Oaks, California : SAGE 2013",Karen Hacker,2013
490,Basic principles of curriculum and instruction,"Chicago, University of Chicago Press 1949",[by] Ralph W. Tyler,1949
491,Ethnography as Christian theology and ethics,London ; New York : Continuum c2011,edited by Christian Scharen and Aana Marie Vigen,2011
492,Cinderella's sisters : a revisionist history of footbinding,"Berkeley, Calif. : University of California Press c2005",Dorothy Ko,2005
493,Power and resistance in the new world order,Basingstoke ; New York : Palgrave Macmillan 2003,Stephen Gill,2003
494,Legal traditions of the world : sustainable diversity in law,"Fifth edition Oxford, United Kingdom ; New York, NY : Oxford University Press 2014",H. Patrick Glenn,2014
495,綠色思想與香港,香港 : 青文書屋 1989,"周兆祥 , 羅維恩, 粱淑君合編",1989
496,Exhibiting cultures : the poetics and politics of museum display,Smithsonian Institution Press : : Washington c1991,edited by Ivan Karp and Steven D. Lavine,1991
497,何以三代以下有亂無治 : 明夷待訪錄 = Waiting for the dawn : a plan for the prince,初版 台北市 : 大塊文化出股份有限公司 2011,黃宗羲原著 ; 王汎森導讀 ; 何季澄2.0繪圖,2011
498,"Cities, war, and terrorism : towards an urban geopolitics","Malden, MA : Blackwell Publishing 2004",edited by Stephen Graham,2004
499,非物質文化遺產與東亞地方社會,第1版 香港 : 香港科技大學華南研究中心 : 香港文化博物館 2011,廖迪生主編 = Intangible cultural heritage and local communities in East Asia / edited by Liu Tik-sang,2011
500,"Origins of North Korea's Juche : colonialism, war, and development",Lanham : Lexington Books c2013,edited by Jae-Jung Suh,2013
501,"War, peace and international relations : an introduction to strategic history",London ; New York : Routledge 2007,Colin S. Gray,2007
502,Fandom unbound : otaku culture in a connected world,New Haven : Yale University Press c2012,"edited by Mizuko Ito, Daisuke Okabe, Izumi Tsuji",2012
503,我們在慶祝甚麼? : 香港的多元文化節慶,初版 香港 : 麥穗出版有限公司 2017年12月,"譚少薇, 鄧偉文編 = What are we celebrating? multicultural festivals in Hong Kong / edited by Siumi Maria Tam, and Wai-man Tang",2017
504,The global warming reader : a century of writing about climate change,"New York, N.Y. : Penguin Books 2012, c2011",edited with an introduction by Bill McKibben,2011
505,Why Arendt matters,New Haven : Yale University Press 2006,Elisabeth Young-Bruehl,2006
506,"Pattern and person : ornament, society, and self in classical China","Cambridge, Mass. : Harvard University Asia Center 2006",Martin J. Powers,2006
507,Casting stones : prostitution and liberation in Asia and the United States,Minneapolis : Fortress Press c1996,Rita Nakashima Brock and Susan Brooks Thistlethwaite,1996
508,Strategy in the contemporary world : an introduction to strategic studies,4th edition Oxford : Oxford University Press c2013,"edited by John Baylis, James J. Wirtz, and Colin S. Gray",2013
509,Reinventing the skyscraper : a vertical theory of urban design,Chichester : Wiley-Academy 2002,by Ken Yeang,2002
510,香港敎育政策分析 : 社會學的視域,香港第1版 香港 : 三聯書店香港有限公司 ; 1998,曾榮光著,1998
511,The globalization reader,"Fifth Edition Hoboken, NJ : Wiley 2015",edited by Frank J. Lechner and John Boli,2015
512,Social world of the Hebrew prophets,"Peabody, Mass. : Hendrickson c2001",Victor H. Matthews,2001
513,Nutrition in public health : a handbook for developing programs and services,"3rd ed Sudbury, MA : Jones & Bartlett Learning c2011",edited by Sari Edelstein,2011
514,The Hong Kong health sector : development and change,Hong Kong : The Chinese University Press c2002,Robin Gauld & Derek Gould,2002
515,The psychology of lifestyle : promoting healthy behaviour,"Abingdon, Oxon ; New York : Routledge 2009",Kathryn Thirlaway and Dominic Upton,2009
516,The map of meaning : a guide to sustaining our humanity in the world of work,Sheffield : Greenleaf Pub. 2011,Marjolein Lips-Wiersma and Lani Morris,2011
517,Minor illness or major disease?,5th ed. / Brian Addison ... [et al.] London : Pharmaceutical Press 2012,,2012
518,Making health policy,Second edition Maidenhead : McGraw Hill/Open University Press 2012,"Kent Buse, Nicholas Mays and Gill Walt",2012
519,Retribution and eschatology in chronicles,"Sheffield, England : Sheffield Academic Press c1996",Brian E. Kelly,1996
520,National responsibility and global justice,Oxford ; New York : Oxford University Press 2007,David Miller,2007
521,Making representations : museums in the post-colonial era,London ; New York : Routledge 1996,Moira G. Simpson,1996
522,Elements of family law in Singapore,2nd ed Singapore : LexisNexis 2013,Leong Wai Kum,2013
523,"Understanding classical sociology : Marx, Weber, Durkheim","2nd ed London ; Thousand Oaks, Calif. : Sage Publications c2003","John A. Hughes, Wes W. Sharrock, Peter J. Martin",2003
524,Epidemiology and public health medicine,Edinburgh : Churchill Livingstone 1999,"Norman Vetter, Ian Matthews",1999
525,"Community care in Hong Kong : current practices, practice-research studies and future directions",Hong Kong : City University of Hong Kong Press 2014,"edited by Kar-wai Tong, Kenneth Nai-kuen Fong, Kar-wai Tong, Kenneth Nai-kuen Fong",2014
526,"ASEAN, identity, development & culture","Quezon City,Philippines : University of the Philippines Law CenterHonolulu,Hawaii : East-West Center Culture Learning Institute c1981","R.P. Anand, Purificacion V. Quisumbing, editors",1981
527,"特集制度/プログラム/ビルディング · タイプ = institution, program, building type",初版 東京 : INAX出版 1994,多本浩二 [and others],1994
528,Lifestyle medicine,"2nd ed Boca Raton, FL : CRC Press c2013",edited by James M. Rippe,2013
529,"特集生きられる東京 : 都市の経験, 都市の時間",初版 東京 : INAX出版 2005,編集制作メディア・デザイン研究所,2005
530,Marx : a very short introduction,Oxford ; New York : Oxford University Press 2000,Peter Singer,2000
531,西漢人口地理,第1版 北京 : 人民出版社 1986,葛劍雄著,1986